id,first_name,last_name,email,gender,ip_address
1,Benji,Kuschel,bkuschel0@usda.gov,Male,122.248.88.10
2,Naomi,Blaber,nblaber1@sitemeter.com,Female,149.175.143.65
3,Kirsti,Hiland,khiland2@dyndns.org,Female,60.167.70.243
4,Parrnell,Towse,ptowse3@ow.ly,Male,30.194.109.173
5,Bettine,Gillease,bgillease4@google.cn,Female,68.208.139.67
6,Marlowe,Simmonds,msimmonds5@fotki.com,Male,76.99.190.200
7,Myranda,Doohan,mdoohan6@tumblr.com,Female,31.172.68.6
8,Ronni,Flight,rflight7@tinypic.com,Female,224.193.252.170
9,Brier,Cornilli,bcornilli8@loc.gov,Polygender,73.179.138.143
10,Gilligan,Tigwell,gtigwell9@diigo.com,Female,194.158.89.140
11,Deane,Bloxsome,dbloxsomea@cbslocal.com,Genderqueer,20.184.248.202
12,Cherida,Puckham,cpuckhamb@statcounter.com,Female,183.94.17.188
13,Kasey,Storck,kstorckc@kickstarter.com,Female,68.230.169.23
14,Katlin,Wapples,kwapplesd@storify.com,Female,238.182.243.169
15,Ranna,Smuth,rsmuthe@google.cn,Female,177.52.82.46
16,Ephrem,Serchwell,eserchwellf@jigsy.com,Male,130.118.112.36
17,Andros,Milkeham,amilkehamg@bloglines.com,Male,123.174.90.49
18,Tootsie,Smidmore,tsmidmoreh@privacy.gov.au,Female,24.218.120.105
19,Dasha,Beddard,dbeddardi@phoca.cz,Female,205.171.193.224
20,Ardenia,Zanuciolii,azanucioliij@dagondesign.com,Female,188.239.142.125
21,Greg,Ackland,gacklandk@ehow.com,Male,216.50.246.114
22,Emogene,Maudson,emaudsonl@about.com,Bigender,74.168.126.44
23,Mose,McBryde,mmcbrydem@icq.com,Male,39.57.206.252
24,Chico,Bolte,cbolten@drupal.org,Male,214.109.243.158
25,Jesselyn,Sine,jsineo@i2i.jp,Female,151.204.146.30
26,Mickie,Gareisr,mgareisrp@alexa.com,Male,136.251.57.227
27,Rube,Wimpenny,rwimpennyq@amazon.co.jp,Male,154.249.100.243
28,Hilary,Nano,hnanor@domainmarket.com,Female,245.72.245.115
29,Hasheem,Gargett,hgargetts@examiner.com,Male,184.76.171.90
30,Jemimah,Ollis,jollist@angelfire.com,Female,151.91.56.175
31,Darla,Di Biasi,ddibiasiu@un.org,Genderfluid,31.217.151.55
32,Reta,Ida,ridav@xing.com,Female,49.43.183.87
33,Alexis,Alford,aalfordw@salon.com,Male,36.98.181.1
34,Heinrik,Peele,hpeelex@networkadvertising.org,Male,158.114.84.115
35,Ignatius,Charle,icharley@addtoany.com,Male,245.117.182.147
36,Harli,Rackley,hrackleyz@ask.com,Female,53.116.25.0
37,Ginger,Voyce,gvoyce10@t-online.de,Female,232.40.97.34
38,Yanaton,Willett,ywillett11@deviantart.com,Male,158.168.151.36
39,Consolata,Strainge,cstrainge12@wufoo.com,Female,194.87.37.73
40,Jay,Gohn,jgohn13@newsvine.com,Male,31.0.164.245
41,Winnah,Cusick,wcusick14@google.nl,Genderqueer,129.170.107.64
42,Tremaine,Hrihorovich,thrihorovich15@craigslist.org,Male,66.215.42.154
43,Regine,Krzysztof,rkrzysztof16@odnoklassniki.ru,Female,75.46.163.229
44,Carver,Vigus,cvigus17@ucla.edu,Male,135.46.244.140
45,Kelwin,Skittle,kskittle18@rambler.ru,Male,140.254.1.120
46,Frederic,L'Episcopio,flepiscopio19@bizjournals.com,Male,126.29.37.112
47,Briggs,Sylett,bsylett1a@baidu.com,Male,8.153.255.204
48,Keelby,Itzkowicz,kitzkowicz1b@g.co,Male,233.18.240.232
49,Zelig,Slimings,zslimings1c@webs.com,Male,54.21.9.67
50,Rhett,Brennans,rbrennans1d@alexa.com,Male,84.167.74.120
51,Clim,Bradnum,cbradnum1e@freewebs.com,Male,45.80.140.11
52,Jere,Clearley,jclearley1f@goo.gl,Female,107.55.68.165
53,Opaline,Marcham,omarcham1g@ow.ly,Female,254.190.163.180
54,Vinny,Vanyashin,vvanyashin1h@mac.com,Female,215.56.5.10
55,Jeffy,Dunne,jdunne1i@aol.com,Male,185.65.102.190
56,Bertie,Van der Beken,bvanderbeken1j@marketwatch.com,Female,215.172.73.14
57,Nessi,Kydd,nkydd1k@unesco.org,Female,57.58.40.3
58,Martina,Kupper,mkupper1l@dailymail.co.uk,Female,41.230.107.3
59,Melva,Wellstead,mwellstead1m@youtu.be,Female,65.71.128.98
60,Flora,Labarre,flabarre1n@freewebs.com,Female,99.128.52.84
61,Blair,Olexa,bolexa1o@mozilla.com,Female,59.89.30.210
62,Eal,Lydford,elydford1p@soundcloud.com,Male,21.62.87.140
63,Scarlet,Darrington,sdarrington1q@ted.com,Female,43.188.80.62
64,Kathlin,Tinsey,ktinsey1r@harvard.edu,Female,188.212.240.136
65,Merle,Warcop,mwarcop1s@clickbank.net,Female,28.221.118.233
66,Padriac,Astridge,pastridge1t@etsy.com,Agender,14.175.153.200
67,Sondra,Scupham,sscupham1u@reddit.com,Female,91.161.230.104
68,Dori,Butland,dbutland1v@mysql.com,Female,110.37.106.1
69,Hiram,Rubie,hrubie1w@booking.com,Male,221.163.239.183
70,Jason,MacAindreis,jmacaindreis1x@scientificamerican.com,Male,20.21.172.67
71,Lavinie,Tribell,ltribell1y@oaic.gov.au,Female,239.151.44.32
72,Sidnee,Marlowe,smarlowe1z@cocolog-nifty.com,Male,130.105.250.89
73,Johannes,Keepence,jkeepence20@deviantart.com,Male,255.157.28.210
74,Eunice,Tatam,etatam21@npr.org,Female,163.180.89.133
75,Georgetta,Vevers,gvevers22@intel.com,Female,182.78.100.96
76,Conchita,Stoffler,cstoffler23@macromedia.com,Female,79.215.106.47
77,Alexa,Lomansey,alomansey24@umn.edu,Female,100.120.59.129
78,Codie,Oxtoby,coxtoby25@eventbrite.com,Male,10.81.37.7
79,Fallon,Burg,fburg26@nps.gov,Female,25.254.59.110
80,Alasdair,Craighead,acraighead27@umich.edu,Genderqueer,239.95.235.25
81,Alberta,Bortoletti,abortoletti28@theguardian.com,Genderqueer,95.42.110.254
82,Dunn,Caberas,dcaberas29@pcworld.com,Male,226.69.255.24
83,Marlowe,McQuaid,mmcquaid2a@imdb.com,Male,254.214.65.185
84,Sonnie,Sheringham,ssheringham2b@ihg.com,Bigender,49.147.90.210
85,Aubrey,Firsby,afirsby2c@deliciousdays.com,Male,47.55.42.214
86,Sisile,Beaty,sbeaty2d@goodreads.com,Non-binary,132.228.219.19
87,Mariann,Clemens,mclemens2e@paypal.com,Genderfluid,27.165.107.215
88,Gilberto,O'Moylan,gomoylan2f@techcrunch.com,Male,229.182.220.36
89,Arliene,Blakeway,ablakeway2g@printfriendly.com,Female,112.244.173.56
90,Katuscha,Thornthwaite,kthornthwaite2h@tripod.com,Female,201.236.162.22
91,Clay,Watford,cwatford2i@youtube.com,Male,140.88.117.208
92,Quincey,Stitt,qstitt2j@nationalgeographic.com,Male,160.55.137.169
93,Simonne,Bernasek,sbernasek2k@pen.io,Female,79.252.185.25
94,Neila,Storck,nstorck2l@yale.edu,Female,8.209.2.28
95,Marmaduke,Greenhowe,mgreenhowe2m@odnoklassniki.ru,Male,241.228.133.80
96,Lori,Stegell,lstegell2n@gov.uk,Female,214.200.13.135
97,Ede,Chaves,echaves2o@odnoklassniki.ru,Female,9.99.129.79
98,Lefty,Kearns,lkearns2p@w3.org,Polygender,28.109.226.29
99,Sig,Hynes,shynes2q@cdc.gov,Male,92.204.193.81
100,Shepard,Sheere,ssheere2r@arizona.edu,Male,37.198.79.97
101,Hally,Sinkinson,hsinkinson2s@g.co,Polygender,70.101.210.95
102,Leodora,Kimmins,lkimmins2t@amazon.com,Non-binary,223.11.161.137
103,Kirsti,Writer,kwriter2u@nsw.gov.au,Female,233.214.164.255
104,Tessi,Eul,teul2v@gizmodo.com,Female,132.204.195.90
105,Eran,Wallas,ewallas2w@360.cn,Female,218.222.193.230
106,Rhea,Matasov,rmatasov2x@slashdot.org,Female,215.137.155.44
107,Jerry,Arnald,jarnald2y@bravesites.com,Female,247.117.13.255
108,Cindelyn,Maddison,cmaddison2z@state.gov,Female,207.136.116.59
109,Minda,O'Tuohy,motuohy30@devhub.com,Female,201.70.171.47
110,Heda,O'Gormley,hogormley31@twitpic.com,Female,180.109.116.162
111,Yulma,Stearne,ystearne32@webs.com,Male,106.9.93.175
112,Rakel,Ferne,rferne33@last.fm,Female,6.181.67.4
113,Mead,Miko,mmiko34@wunderground.com,Female,107.45.119.6
114,Ferdy,Spraging,fspraging35@china.com.cn,Male,49.123.40.5
115,Renae,Huonic,rhuonic36@blogger.com,Female,195.18.73.156
116,Washington,Byneth,wbyneth37@ebay.com,Male,202.135.58.218
117,Benny,Gilbeart,bgilbeart38@mysql.com,Female,168.173.32.142
118,Barnaby,Beynkn,bbeynkn39@businessweek.com,Male,146.215.205.62
119,Elsworth,Tinghill,etinghill3a@t-online.de,Male,77.19.228.185
120,Regine,Trenam,rtrenam3b@goo.ne.jp,Female,254.18.59.181
121,Kristina,Gerg,kgerg3c@github.io,Agender,42.164.249.208
122,Yehudi,Boseley,yboseley3d@dailymotion.com,Male,67.163.70.167
123,Kingston,Charrington,kcharrington3e@cdbaby.com,Male,160.139.208.175
124,Oliver,Escudier,oescudier3f@sphinn.com,Male,76.99.110.186
125,Dal,Alldritt,dalldritt3g@free.fr,Male,244.196.117.139
126,Tracie,Deppe,tdeppe3h@dailymail.co.uk,Male,174.133.196.25
127,Calli,McDill,cmcdill3i@vk.com,Female,201.64.114.119
128,Tommy,Pyzer,tpyzer3j@123-reg.co.uk,Female,88.248.166.5
129,Saloma,Troman,stroman3k@noaa.gov,Female,53.68.136.127
130,Paquito,Timmermann,ptimmermann3l@soup.io,Male,16.111.74.20
131,Molly,Horder,mhorder3m@imageshack.us,Female,11.188.235.100
132,Rennie,Leathard,rleathard3n@domainmarket.com,Female,12.101.194.62
133,Duff,Belbin,dbelbin3o@com.com,Genderqueer,168.168.20.89
134,Lombard,Waldera,lwaldera3p@thetimes.co.uk,Male,230.117.164.102
135,Halsey,Wilkinson,hwilkinson3q@home.pl,Male,118.216.42.52
136,Llywellyn,Dittson,ldittson3r@purevolume.com,Male,111.216.214.103
137,Conny,Garter,cgarter3s@wikispaces.com,Male,251.59.43.35
138,Carolus,Thunnercliffe,cthunnercliffe3t@ihg.com,Male,4.133.227.36
139,Josefa,Lapworth,jlapworth3u@tinypic.com,Female,127.183.128.174
140,Row,Oxborrow,roxborrow3v@miibeian.gov.cn,Female,31.85.71.137
141,Kliment,Mauser,kmauser3w@com.com,Male,58.67.232.213
142,Meade,Giddins,mgiddins3x@ezinearticles.com,Male,215.7.76.53
143,Ferrel,Parncutt,fparncutt3y@comcast.net,Male,238.140.177.160
144,Eimile,Royson,eroyson3z@wisc.edu,Female,241.44.231.183
145,Sally,Cancott,scancott40@archive.org,Female,116.69.128.144
146,Guenna,Cannell,gcannell41@yellowpages.com,Female,212.223.180.189
147,Waylan,Cudde,wcudde42@friendfeed.com,Male,3.66.191.157
148,Josephine,Troyes,jtroyes43@pagesperso-orange.fr,Female,106.208.50.158
149,Sheppard,Cisneros,scisneros44@quantcast.com,Male,148.175.23.38
150,Chauncey,Celez,ccelez45@usda.gov,Male,21.67.190.204
151,Temple,Hicks,thicks46@weather.com,Male,174.206.133.104
152,Patty,Cockshut,pcockshut47@ucoz.ru,Female,187.172.140.128
153,Cthrine,Smaleman,csmaleman48@imdb.com,Female,119.198.239.221
154,Zack,Errichi,zerrichi49@cargocollective.com,Male,97.99.174.66
155,Marshall,Dagnall,mdagnall4a@phpbb.com,Male,127.150.38.255
156,Happy,Mingardo,hmingardo4b@imdb.com,Female,74.0.91.12
157,Clemence,Wilmut,cwilmut4c@bbb.org,Female,220.88.21.141
158,Buck,Permain,bpermain4d@csmonitor.com,Male,60.141.39.137
159,Briana,Cayley,bcayley4e@cnet.com,Female,210.161.201.14
160,Odette,Heal,oheal4f@blogs.com,Female,89.190.6.227
161,Moina,Haggus,mhaggus4g@google.it,Female,22.96.84.15
162,Loren,Hunday,lhunday4h@mashable.com,Male,46.64.184.209
163,Yul,Colville,ycolville4i@alibaba.com,Male,228.60.59.69
164,Ford,Annandale,fannandale4j@bigcartel.com,Male,187.208.177.139
165,Yulma,Quinn,yquinn4k@latimes.com,Male,229.145.86.56
166,Brien,Sigfrid,bsigfrid4l@imgur.com,Male,157.190.201.10
167,Obediah,Karby,okarby4m@europa.eu,Male,43.236.11.86
168,Clara,Huscroft,chuscroft4n@joomla.org,Female,230.147.146.26
169,Allister,Krahl,akrahl4o@yahoo.com,Male,141.225.134.111
170,Gilbert,Barck,gbarck4p@theglobeandmail.com,Male,245.26.88.198
171,Jacky,Darrigrand,jdarrigrand4q@nbcnews.com,Genderqueer,43.23.44.212
172,Toiboid,Groucock,tgroucock4r@squarespace.com,Male,209.67.70.29
173,Reggy,Allderidge,rallderidge4s@github.io,Male,6.140.204.12
174,Modestine,Butts,mbutts4t@fc2.com,Female,111.37.79.6
175,Angy,Valenti,avalenti4u@prweb.com,Female,22.120.28.14
176,Alisha,Fowells,afowells4v@weibo.com,Female,255.83.101.106
177,Brenn,Hulcoop,bhulcoop4w@wordpress.com,Female,69.73.90.108
178,Toddie,Robjents,trobjents4x@livejournal.com,Male,19.51.58.82
179,Kilian,Brockbank,kbrockbank4y@columbia.edu,Male,147.210.125.27
180,Griffith,Terrazzo,gterrazzo4z@myspace.com,Male,52.184.20.210
181,Edi,Gaspero,egaspero50@umich.edu,Female,38.26.145.93
182,Vasili,Titta,vtitta51@hud.gov,Male,71.220.29.200
183,Danika,Le Galle,dlegalle52@ihg.com,Female,145.85.45.217
184,Romain,Bagger,rbagger53@blog.com,Male,39.31.108.82
185,Cosmo,Vannikov,cvannikov54@pinterest.com,Male,198.217.76.243
186,Alexia,MacElholm,amacelholm55@bizjournals.com,Female,133.111.50.106
187,Homere,Gradon,hgradon56@facebook.com,Male,64.38.184.3
188,Royall,Blaskett,rblaskett57@jiathis.com,Male,129.198.56.147
189,Harlen,Robardey,hrobardey58@baidu.com,Male,30.6.240.76
190,Alano,Simionato,asimionato59@jugem.jp,Polygender,59.45.177.26
191,Issi,Paulich,ipaulich5a@webnode.com,Female,119.41.242.203
192,Mirella,Eitter,meitter5b@oracle.com,Female,94.216.219.28
193,Sheila-kathryn,Bullivant,sbullivant5c@csmonitor.com,Bigender,3.111.105.173
194,Tammy,Greensite,tgreensite5d@blogger.com,Male,63.194.116.35
195,Tildi,Strangward,tstrangward5e@noaa.gov,Female,70.92.205.21
196,Bronson,Sighart,bsighart5f@sfgate.com,Male,21.247.9.27
197,Garrick,Ellams,gellams5g@psu.edu,Male,140.31.216.225
198,Andres,Iannitti,aiannitti5h@house.gov,Male,230.207.218.246
199,Phip,Bleeze,pbleeze5i@wikia.com,Male,173.53.93.109
200,Alica,Oglethorpe,aoglethorpe5j@google.co.uk,Female,178.143.148.20
201,Engracia,Dulen,edulen5k@go.com,Genderfluid,66.94.243.49
202,Luther,Dellenty,ldellenty5l@apple.com,Male,247.144.211.203
203,Derk,Dalgetty,ddalgetty5m@economist.com,Male,232.75.204.77
204,Ceciley,Lawless,clawless5n@nature.com,Female,108.27.78.116
205,Romona,Belfit,rbelfit5o@geocities.jp,Female,151.181.28.245
206,Teodor,Haysham,thaysham5p@google.es,Male,98.107.158.58
207,Lucho,Yitzhakov,lyitzhakov5q@uol.com.br,Male,202.46.241.18
208,Doria,Harverson,dharverson5r@ibm.com,Female,205.228.240.164
209,Gayle,Pitkeathley,gpitkeathley5s@homestead.com,Male,27.85.34.166
210,Danielle,Brosius,dbrosius5t@sogou.com,Female,33.163.107.8
211,Arlie,Spreckley,aspreckley5u@uol.com.br,Female,68.177.68.220
212,Madella,Purshouse,mpurshouse5v@nationalgeographic.com,Female,248.58.96.251
213,Kippar,Sansome,ksansome5w@tripadvisor.com,Male,239.60.121.172
214,Hortensia,Gencke,hgencke5x@gmpg.org,Polygender,189.141.131.54
215,Amalea,Gerrets,agerrets5y@simplemachines.org,Female,226.99.138.116
216,Frieda,Tarrant,ftarrant5z@cargocollective.com,Female,246.137.3.225
217,Even,Dowling,edowling60@amazon.co.jp,Male,241.14.28.15
218,Ebeneser,Croot,ecroot61@pcworld.com,Male,47.232.24.211
219,Yolanthe,Norridge,ynorridge62@wired.com,Female,59.29.97.88
220,Laurene,Parlor,lparlor63@simplemachines.org,Female,122.113.151.52
221,Madelin,Goomes,mgoomes64@economist.com,Female,199.60.98.65
222,Fabio,Richley,frichley65@house.gov,Male,230.75.204.222
223,Margret,Adds,madds66@seesaa.net,Female,182.57.100.171
224,Merle,Wildin,mwildin67@nature.com,Male,125.116.106.104
225,Leena,Behrend,lbehrend68@youtu.be,Non-binary,138.104.64.126
226,Bram,Dashper,bdashper69@fema.gov,Male,68.187.175.51
227,Reynolds,Gridon,rgridon6a@homestead.com,Male,88.113.176.210
228,Konstanze,Chivers,kchivers6b@shinystat.com,Non-binary,5.146.123.15
229,Hillard,Bussell,hbussell6c@ifeng.com,Male,87.47.136.10
230,Kelli,Ilewicz,kilewicz6d@guardian.co.uk,Female,231.138.202.232
231,Myrle,Gowthorpe,mgowthorpe6e@cargocollective.com,Female,187.70.129.154
232,Sid,Bischoff,sbischoff6f@miitbeian.gov.cn,Male,170.53.220.192
233,Danyette,Caistor,dcaistor6g@addtoany.com,Female,71.12.125.147
234,Rockwell,Adkins,radkins6h@cocolog-nifty.com,Male,243.192.189.149
235,Thorstein,Crickmore,tcrickmore6i@acquirethisname.com,Male,115.66.239.235
236,Teodoro,Hurlin,thurlin6j@issuu.com,Male,125.228.102.12
237,Reid,Lewry,rlewry6k@google.co.uk,Male,136.132.91.251
238,Euphemia,Grocutt,egrocutt6l@mlb.com,Female,68.166.12.187
239,Urson,Orneles,uorneles6m@ucoz.ru,Male,205.232.89.254
240,Reinhold,Jzak,rjzak6n@yellowpages.com,Male,253.41.129.111
241,Althea,Dooher,adooher6o@hostgator.com,Female,104.142.208.167
242,Rivi,Pendlebery,rpendlebery6p@com.com,Female,109.31.60.62
243,Edmon,Boniface,eboniface6q@alibaba.com,Male,209.141.255.110
244,Annecorinne,Jain,ajain6r@typepad.com,Female,13.84.71.58
245,Temp,Houston,thouston6s@illinois.edu,Male,76.209.97.200
246,Thatch,Fahy,tfahy6t@statcounter.com,Male,109.1.254.224
247,De,Rubberts,drubberts6u@ow.ly,Female,91.22.214.101
248,Bartolomeo,Lidgey,blidgey6v@github.com,Male,133.22.68.152
249,Thurston,Veart,tveart6w@sakura.ne.jp,Male,155.194.143.190
250,Tadeas,Murfill,tmurfill6x@hugedomains.com,Male,194.155.31.147
251,Gardener,Bassick,gbassick6y@nih.gov,Male,158.45.203.64
252,Alejandrina,Larkings,alarkings6z@angelfire.com,Female,103.251.65.88
253,Peggi,Domsalla,pdomsalla70@ustream.tv,Agender,110.51.15.191
254,Odie,Baraclough,obaraclough71@google.com.au,Male,139.107.84.157
255,Sky,Angell,sangell72@github.com,Male,226.221.13.66
256,Shantee,McCrisken,smccrisken73@wix.com,Female,42.145.119.148
257,Lew,Braunstein,lbraunstein74@wired.com,Male,149.215.8.61
258,Trstram,Tuerena,ttuerena75@altervista.org,Male,118.248.23.215
259,Alf,Haslehurst,ahaslehurst76@jiathis.com,Male,205.128.142.144
260,Sol,Hallwood,shallwood77@moonfruit.com,Male,91.6.187.113
261,Huntington,Hourican,hhourican78@reuters.com,Male,86.181.153.175
262,Blondell,Guisler,bguisler79@prlog.org,Female,10.86.69.240
263,Simonette,Lavalle,slavalle7a@google.cn,Female,134.42.149.240
264,Kermit,Lindeman,klindeman7b@github.io,Male,128.232.154.131
265,Andras,Gosnay,agosnay7c@tripadvisor.com,Male,215.21.207.63
266,Clare,cornhill,ccornhill7d@un.org,Male,236.210.128.108
267,Mikol,McCready,mmccready7e@i2i.jp,Male,118.59.19.140
268,Herby,Farrow,hfarrow7f@deviantart.com,Male,77.37.28.78
269,Shea,Treeby,streeby7g@amazon.com,Female,91.176.67.97
270,Claiborn,Falkous,cfalkous7h@ihg.com,Male,167.25.122.145
271,Elroy,Beaton,ebeaton7i@hud.gov,Male,204.154.224.149
272,Nessy,Cossentine,ncossentine7j@baidu.com,Female,58.107.70.112
273,Kial,Vigors,kvigors7k@vk.com,Female,59.232.69.178
274,Lon,Wichard,lwichard7l@mit.edu,Agender,96.150.72.42
275,Jeromy,Durno,jdurno7m@storify.com,Male,9.136.254.207
276,Chrystal,Leither,cleither7n@hp.com,Female,158.216.238.127
277,Carlota,Blagburn,cblagburn7o@booking.com,Female,102.69.183.139
278,Berri,Ryle,bryle7p@vkontakte.ru,Female,188.126.6.132
279,Tabina,Millam,tmillam7q@europa.eu,Female,204.216.163.52
280,Miof mela,Gwinn,mgwinn7r@uol.com.br,Female,184.78.232.213
281,Caren,Oxberry,coxberry7s@latimes.com,Female,132.5.31.244
282,Paddy,Bidgod,pbidgod7t@csmonitor.com,Male,231.25.163.130
283,Halli,Rockliffe,hrockliffe7u@taobao.com,Female,74.58.244.94
284,Urban,Elward,uelward7v@sogou.com,Male,220.38.117.13
285,Berty,Petrussi,bpetrussi7w@studiopress.com,Male,133.191.212.148
286,Ilysa,Hawgood,ihawgood7x@github.com,Female,134.0.186.145
287,Wini,Blakeway,wblakeway7y@creativecommons.org,Female,2.90.178.75
288,Gray,Bowie,gbowie7z@studiopress.com,Female,86.199.154.255
289,Enrica,Petrazzi,epetrazzi80@independent.co.uk,Female,29.196.55.249
290,Forrester,Tremayle,ftremayle81@ucoz.ru,Male,200.227.122.12
291,Pietra,Pallaske,ppallaske82@wikispaces.com,Non-binary,201.169.74.135
292,Osmond,Fairall,ofairall83@bloglovin.com,Male,207.234.109.228
293,Maje,Ferrers,mferrers84@goo.gl,Male,249.46.181.26
294,Sergio,Turn,sturn85@furl.net,Male,142.43.131.36
295,Lorianna,Michin,lmichin86@arizona.edu,Female,22.4.99.9
296,Baryram,McIlheran,bmcilheran87@histats.com,Male,118.216.83.26
297,Elyn,Whiteson,ewhiteson88@storify.com,Female,45.121.48.65
298,Glennie,Heyns,gheyns89@sina.com.cn,Female,192.101.163.151
299,Nathan,Flagg,nflagg8a@xing.com,Male,107.64.78.67
300,Skippy,Samuels,ssamuels8b@irs.gov,Male,50.252.145.65
301,Julie,Scales,jscales8c@google.com.br,Female,97.150.231.202
302,Berny,Treadgold,btreadgold8d@163.com,Female,124.24.246.243
303,Nickey,Bowkley,nbowkley8e@accuweather.com,Male,220.12.133.0
304,Doretta,Galliford,dgalliford8f@free.fr,Female,138.167.5.2
305,Oswald,Ramel,oramel8g@netscape.com,Male,23.57.104.85
306,Robbi,Prestidge,rprestidge8h@google.co.uk,Female,254.187.4.200
307,Avram,Duny,aduny8i@opensource.org,Male,229.32.12.91
308,Nikoletta,Matthiesen,nmatthiesen8j@umich.edu,Female,137.27.167.250
309,Dukey,Hadcroft,dhadcroft8k@free.fr,Male,179.250.74.76
310,Keary,Pegden,kpegden8l@auda.org.au,Male,198.202.56.192
311,Silvanus,Arendt,sarendt8m@yelp.com,Male,17.46.30.71
312,Risa,Jorioz,rjorioz8n@twitpic.com,Female,209.36.126.248
313,Saundra,Siveyer,ssiveyer8o@issuu.com,Non-binary,64.239.244.6
314,Anton,De Giorgi,adegiorgi8p@g.co,Male,14.236.65.3
315,Tomkin,Barnwall,tbarnwall8q@devhub.com,Male,165.171.118.174
316,Chelsie,Gunbie,cgunbie8r@state.tx.us,Genderfluid,237.121.47.12
317,Mick,Codd,mcodd8s@blogspot.com,Male,30.238.234.34
318,Beatrice,Pulman,bpulman8t@clickbank.net,Female,149.159.177.134
319,Oriana,Beert,obeert8u@imdb.com,Female,4.104.223.101
320,Eugene,Sorbey,esorbey8v@liveinternet.ru,Male,214.209.29.18
321,Andy,Scoates,ascoates8w@biglobe.ne.jp,Male,64.95.98.252
322,Egon,Labern,elabern8x@usda.gov,Male,90.138.218.217
323,Augie,Gorler,agorler8y@so-net.ne.jp,Male,144.47.179.165
324,Gloriane,Dinwoodie,gdinwoodie8z@artisteer.com,Female,80.103.9.229
325,Karil,Momford,kmomford90@webeden.co.uk,Female,72.238.135.84
326,Torin,Whittlesey,twhittlesey91@facebook.com,Male,182.74.144.197
327,Agace,Bennison,abennison92@wsj.com,Female,124.246.212.32
328,Alis,O'Moylan,aomoylan93@canalblog.com,Female,118.214.45.44
329,Louis,Sanz,lsanz94@amazon.co.uk,Male,14.43.163.202
330,Matti,Denerley,mdenerley95@soundcloud.com,Female,237.9.64.191
331,Erna,Arnison,earnison96@dell.com,Female,226.192.20.4
332,Alic,Domoney,adomoney97@constantcontact.com,Male,30.19.210.198
333,Brigitte,Strutton,bstrutton98@com.com,Female,68.236.161.38
334,Paul,Cowton,pcowton99@blogger.com,Male,11.201.104.123
335,Sayers,Weerdenburg,sweerdenburg9a@photobucket.com,Male,142.39.85.194
336,Flem,Fahrenbach,ffahrenbach9b@ca.gov,Male,139.228.241.117
337,Kacey,Fooks,kfooks9c@yahoo.co.jp,Female,46.85.11.194
338,Eadie,Charker,echarker9d@pinterest.com,Female,150.152.37.104
339,Emmalynne,Pegden,epegden9e@wikimedia.org,Female,24.252.203.129
340,Luce,Gersam,lgersam9f@guardian.co.uk,Male,228.149.134.151
341,Fraze,Hugnet,fhugnet9g@livejournal.com,Male,16.250.224.12
342,Beryle,Kimblen,bkimblen9h@w3.org,Female,87.2.181.211
343,Alana,Newns,anewns9i@discuz.net,Female,167.23.41.210
344,Gran,Creavan,gcreavan9j@ed.gov,Non-binary,113.109.122.182
345,Rosalinda,Alner,ralner9k@discovery.com,Female,36.34.167.125
346,Glendon,Do,gdo9l@constantcontact.com,Male,194.236.19.186
347,Theressa,Gannicott,tgannicott9m@hostgator.com,Female,223.9.30.236
348,Minda,Kuhne,mkuhne9n@sun.com,Agender,9.104.250.49
349,Janith,Grimbleby,jgrimbleby9o@globo.com,Female,157.43.96.157
350,Jed,Duffield,jduffield9p@domainmarket.com,Male,248.12.58.121
351,Tedi,Snoding,tsnoding9q@over-blog.com,Female,239.58.146.91
352,Dorene,Sexti,dsexti9r@vimeo.com,Female,87.202.134.64
353,Duff,Sever,dsever9s@rakuten.co.jp,Male,62.87.34.236
354,Gretal,Iskow,giskow9t@epa.gov,Female,172.124.69.53
355,Dominic,Manach,dmanach9u@joomla.org,Male,136.21.210.183
356,Panchito,Thying,pthying9v@gmpg.org,Male,169.15.102.133
357,Trueman,Lettsom,tlettsom9w@census.gov,Male,106.229.23.148
358,Welch,Yakutin,wyakutin9x@youku.com,Male,195.104.83.184
359,Taddeusz,Dennistoun,tdennistoun9y@bizjournals.com,Male,34.110.79.100
360,Isidro,Rosendale,irosendale9z@buzzfeed.com,Male,80.226.184.121
361,Carlo,Wilcocke,cwilcockea0@indiatimes.com,Male,253.158.84.36
362,Paton,Kleinsinger,pkleinsingera1@biglobe.ne.jp,Male,62.74.139.4
363,Silvano,Brayson,sbraysona2@home.pl,Male,148.209.100.194
364,Rowan,Yerrall,ryerralla3@timesonline.co.uk,Male,83.25.193.98
365,Marieann,Sprott,msprotta4@digg.com,Female,85.88.82.50
366,Mike,Feldhorn,mfeldhorna5@businesswire.com,Male,144.226.14.237
367,Eleonora,Seedull,eseedulla6@google.de,Female,117.123.72.23
368,Hadlee,Cavnor,hcavnora7@nasa.gov,Male,235.106.203.33
369,Marlon,Booton,mbootona8@so-net.ne.jp,Male,125.216.152.159
370,Schuyler,O'Dowd,sodowda9@huffingtonpost.com,Male,82.219.231.161
371,Shannon,Ondracek,sondracekaa@smh.com.au,Male,131.140.10.189
372,Ram,Runnacles,rrunnaclesab@devhub.com,Male,149.18.40.80
373,Rickert,Keppy,rkeppyac@storify.com,Male,244.94.104.141
374,Ram,Erskine Sandys,rerskinesandysad@bizjournals.com,Male,112.243.82.147
375,Tarrah,Lambdon,tlambdonae@ucoz.com,Female,193.5.123.60
376,Jaquith,Perone,jperoneaf@virginia.edu,Female,38.242.250.54
377,Harriette,Docksey,hdockseyag@vkontakte.ru,Female,114.129.251.61
378,Kerrie,Warsop,kwarsopah@cnn.com,Female,130.160.28.123
379,Ginger,Derrington,gderringtonai@admin.ch,Female,220.106.220.11
380,Lark,Buddleigh,lbuddleighaj@ox.ac.uk,Female,122.180.215.192
381,Erick,Putson,eputsonak@cbsnews.com,Male,31.98.205.140
382,Willyt,Tebbet,wtebbetal@discovery.com,Genderfluid,41.94.32.99
383,Barny,Treuge,btreugeam@xing.com,Male,102.10.101.212
384,Vincenty,Burwin,vburwinan@si.edu,Male,125.187.140.95
385,Lida,Beert,lbeertao@tripadvisor.com,Non-binary,9.211.226.99
386,Adrian,Outlaw,aoutlawap@ustream.tv,Male,56.24.170.251
387,Dominique,Dunmore,ddunmoreaq@geocities.com,Female,161.97.191.44
388,Shelley,Goodding,sgooddingar@shop-pro.jp,Male,108.231.168.86
389,Tomkin,Gamil,tgamilas@ibm.com,Male,219.240.36.68
390,Washington,De Caville,wdecavilleat@mayoclinic.com,Male,83.99.136.25
391,Emmet,Lages,elagesau@narod.ru,Male,160.63.67.131
392,Aidan,Cawood,acawoodav@china.com.cn,Agender,129.139.15.216
393,Allys,Waldron,awaldronaw@homestead.com,Female,222.198.127.244
394,Daren,Cleve,dcleveax@nsw.gov.au,Bigender,206.48.147.164
395,Matti,Ovize,movizeay@google.it,Female,100.8.21.95
396,Janek,Noblet,jnobletaz@imageshack.us,Male,213.5.214.61
397,Davy,Duncanson,dduncansonb0@paypal.com,Male,69.251.232.75
398,Sherlocke,Levesley,slevesleyb1@flavors.me,Male,119.49.236.152
399,Chas,Leatherbarrow,cleatherbarrowb2@gmpg.org,Male,130.129.147.138
400,Ofella,Hernik,ohernikb3@uol.com.br,Female,224.28.47.124
401,Harmon,Cupitt,hcupittb4@miibeian.gov.cn,Male,247.98.249.53
402,Augie,Hyatt,ahyattb5@angelfire.com,Male,91.204.128.163
403,Slade,Bilbee,sbilbeeb6@kickstarter.com,Male,253.104.174.123
404,Dunstan,Lesaunier,dlesaunierb7@e-recht24.de,Male,120.241.130.97
405,Roanne,Troubridge,rtroubridgeb8@addtoany.com,Female,86.244.228.80
406,Ainslee,Wilce,awilceb9@studiopress.com,Female,13.30.248.70
407,Merci,Krink,mkrinkba@springer.com,Female,55.64.132.63
408,Bruce,Clynman,bclynmanbb@sohu.com,Genderqueer,16.203.246.228
409,Toby,Yellop,tyellopbc@arizona.edu,Genderqueer,229.111.154.249
410,Meara,Yockley,myockleybd@ibm.com,Female,26.130.16.195
411,Lexie,Melding,lmeldingbe@symantec.com,Female,150.62.36.67
412,Erin,Zanotti,ezanottibf@webeden.co.uk,Male,86.124.37.85
413,Holmes,Bowness,hbownessbg@boston.com,Male,108.233.221.28
414,Reine,Muckeen,rmuckeenbh@bravesites.com,Female,17.90.82.30
415,Derril,Kirwan,dkirwanbi@sakura.ne.jp,Male,147.235.224.77
416,Nealon,Alp,nalpbj@blog.com,Polygender,191.14.111.71
417,Noel,Loud,nloudbk@canalblog.com,Male,5.83.69.46
418,Ruprecht,Lilleyman,rlilleymanbl@homestead.com,Male,209.188.137.168
419,Jania,Cummine,jcumminebm@buzzfeed.com,Female,48.123.183.193
420,Niki,Ebanks,nebanksbn@state.tx.us,Male,91.91.17.73
421,Barbette,Erbe,berbebo@arizona.edu,Female,186.105.85.235
422,Alika,Lascelles,alascellesbp@house.gov,Female,107.185.173.48
423,Alis,McDuall,amcduallbq@google.cn,Female,211.196.87.187
424,Alma,Behne,abehnebr@businessinsider.com,Female,151.174.197.32
425,Leesa,Waterhous,lwaterhousbs@lulu.com,Female,187.174.183.127
426,Alys,Pickover,apickoverbt@bizjournals.com,Female,231.1.54.33
427,Adrien,Lennox,alennoxbu@pen.io,Male,114.66.159.192
428,Victoir,Gallehawk,vgallehawkbv@myspace.com,Male,223.168.114.92
429,Zebulen,Surmeyer,zsurmeyerbw@flickr.com,Male,214.201.40.20
430,Lenora,McLeman,lmclemanbx@arstechnica.com,Female,201.46.17.246
431,Krysta,Warlawe,kwarlaweby@skype.com,Female,61.54.11.130
432,Maryjo,Weekland,mweeklandbz@bbb.org,Female,101.144.146.154
433,Georgena,Morrall,gmorrallc0@bandcamp.com,Female,184.132.240.74
434,Danica,Vasile,dvasilec1@eventbrite.com,Female,5.129.10.190
435,Rhodia,Gabitis,rgabitisc2@youtu.be,Female,89.20.190.50
436,Christian,Vedekhin,cvedekhinc3@sfgate.com,Male,143.209.80.113
437,Kerrie,Wilderspoon,kwilderspoonc4@theglobeandmail.com,Genderqueer,135.246.210.204
438,Minnie,Kilroy,mkilroyc5@usgs.gov,Female,21.82.228.173
439,Farley,Hubble,fhubblec6@slashdot.org,Male,184.174.168.192
440,Alysia,Delafont,adelafontc7@amazonaws.com,Female,162.168.118.181
441,Waly,Collard,wcollardc8@pbs.org,Female,214.251.247.3
442,Isador,Ahren,iahrenc9@odnoklassniki.ru,Male,98.154.110.99
443,Margette,OIlier,moilierca@cyberchimps.com,Female,237.105.233.116
444,Giusto,Avrasin,gavrasincb@pen.io,Male,97.11.66.209
445,Gray,Klemt,gklemtcc@canalblog.com,Male,169.3.124.10
446,Shepherd,De Few,sdefewcd@google.pl,Male,93.204.1.241
447,Carlen,Yurshev,cyurshevce@examiner.com,Female,167.244.223.115
448,Valerie,Gouldeby,vgouldebycf@icio.us,Non-binary,59.118.8.54
449,Fanchon,Senton,fsentoncg@joomla.org,Female,246.138.135.150
450,Powell,Bodicum,pbodicumch@stumbleupon.com,Male,128.207.111.213
451,Pernell,Claibourn,pclaibournci@google.co.uk,Male,114.5.157.145
452,Shepard,Knibbs,sknibbscj@foxnews.com,Male,96.234.31.221
453,Windy,Lithcow,wlithcowck@marketwatch.com,Female,182.174.121.39
454,Stefano,Tratton,strattoncl@epa.gov,Male,80.224.134.167
455,Genevieve,McPaik,gmcpaikcm@marriott.com,Female,129.35.113.201
456,Jobie,Newlin,jnewlincn@wikia.com,Female,74.96.46.13
457,Dexter,Llywarch,dllywarchco@elpais.com,Male,115.78.41.108
458,Toby,Veysey,tveyseycp@npr.org,Female,37.187.209.210
459,Marwin,Phelan,mphelancq@dedecms.com,Male,251.65.14.246
460,Cristi,Bitterton,cbittertoncr@kickstarter.com,Female,129.116.94.167
461,Mirelle,Bourchier,mbourchiercs@forbes.com,Female,220.105.95.10
462,Dorine,Heningam,dheningamct@sbwire.com,Female,28.134.22.79
463,Marybeth,Neaverson,mneaversoncu@imdb.com,Female,220.38.156.247
464,Julianne,Hallgarth,jhallgarthcv@phoca.cz,Female,83.7.167.172
465,Chaddie,Stangoe,cstangoecw@imageshack.us,Male,243.33.46.199
466,Carry,Bramley,cbramleycx@earthlink.net,Female,113.202.198.126
467,Shawn,Mitchenson,smitchensoncy@hexun.com,Female,208.207.1.38
468,Dale,Booth-Jarvis,dboothjarviscz@unc.edu,Male,42.165.69.49
469,Jacquelin,Seckom,jseckomd0@pcworld.com,Female,218.120.106.191
470,Winifred,Ebertz,webertzd1@sun.com,Female,52.43.208.192
471,Yule,Risman,yrismand2@example.com,Male,156.9.198.180
472,Ric,Evamy,revamyd3@canalblog.com,Male,79.184.4.65
473,Hagan,Gilbride,hgilbrided4@independent.co.uk,Male,154.228.215.250
474,Vladamir,Mellmer,vmellmerd5@sakura.ne.jp,Male,119.207.31.38
475,Somerset,Jankowski,sjankowskid6@istockphoto.com,Male,80.228.209.245
476,Shana,Elt,seltd7@phpbb.com,Female,58.34.89.231
477,Jone,Budibent,jbudibentd8@weebly.com,Male,75.108.54.148
478,Karlis,Eggleson,kegglesond9@google.ca,Male,55.235.142.148
479,Delbert,Viollet,dviolletda@vimeo.com,Male,72.215.76.26
480,Tuckie,Patty,tpattydb@hatena.ne.jp,Bigender,59.0.179.167
481,Rubia,Daveley,rdaveleydc@woothemes.com,Female,234.169.219.157
482,Eb,Cersey,ecerseydd@tuttocitta.it,Male,87.237.16.94
483,Jaymie,Clapham,jclaphamde@blogs.com,Male,61.219.157.56
484,Norton,Marfell,nmarfelldf@statcounter.com,Male,77.162.24.235
485,Sigvard,Sans,ssansdg@webs.com,Male,33.75.36.210
486,Ivy,Sondland,isondlanddh@java.com,Female,5.245.168.16
487,Robby,Lednor,rlednordi@icq.com,Female,245.114.176.6
488,Colas,Benedict,cbenedictdj@dagondesign.com,Male,192.71.28.82
489,Clementine,Ilive,cilivedk@sfgate.com,Female,93.119.59.235
490,Kearney,Suthworth,ksuthworthdl@tiny.cc,Male,214.74.205.34
491,Nobie,Siggins,nsigginsdm@wired.com,Male,217.79.117.126
492,Martha,Powton,mpowtondn@aboutads.info,Female,125.142.203.48
493,Elberta,Todari,etodarido@trellian.com,Female,118.184.219.106
494,Joeann,Caff,jcaffdp@cnbc.com,Non-binary,26.139.165.48
495,Joya,Trumble,jtrumbledq@nba.com,Female,85.95.90.90
496,Rodrigo,Cartmale,rcartmaledr@creativecommons.org,Male,216.120.97.38
497,Wye,Lanham,wlanhamds@whitehouse.gov,Male,65.192.19.129
498,Cathleen,Mackin,cmackindt@nba.com,Female,218.70.16.100
499,Marni,Cescot,mcescotdu@homestead.com,Female,111.177.131.213
500,Theo,Concklin,tconcklindv@cbsnews.com,Female,26.89.238.216
501,Delores,Chapellow,dchapellowdw@state.tx.us,Female,136.193.156.255
502,Caron,Clewley,cclewleydx@apache.org,Female,235.133.1.118
503,Brandea,Bredbury,bbredburydy@bing.com,Female,253.235.253.155
504,Reube,Garford,rgarforddz@cam.ac.uk,Male,100.65.164.9
505,Dorthea,Drei,ddreie0@yelp.com,Female,119.147.122.87
506,Carlie,Bullick,cbullicke1@xing.com,Male,49.161.200.147
507,Rosemarie,Timmons,rtimmonse2@epa.gov,Female,34.152.97.110
508,Willabella,Balsom,wbalsome3@comsenz.com,Female,103.175.133.198
509,Xerxes,McGinny,xmcginnye4@mtv.com,Male,45.97.102.63
510,Zorana,Grigoliis,zgrigoliise5@elpais.com,Female,25.168.203.189
511,Ashlee,Lavallie,alavalliee6@cafepress.com,Female,171.162.34.207
512,Gelya,Saylor,gsaylore7@abc.net.au,Female,239.146.123.237
513,Sidonnie,Owlner,sowlnere8@imdb.com,Female,0.235.30.101
514,Vilma,Manford,vmanforde9@archive.org,Female,112.65.11.202
515,Monro,Brilon,mbrilonea@harvard.edu,Genderfluid,109.248.226.125
516,Elsbeth,Mosedale,emosedaleeb@printfriendly.com,Female,113.219.195.52
517,Stu,Farans,sfaransec@freewebs.com,Male,84.233.72.16
518,Dorian,Pendock,dpendocked@ted.com,Female,117.188.120.28
519,Terrill,Atton,tattonee@fastcompany.com,Male,52.4.225.187
520,Fey,Escalero,fescaleroef@nifty.com,Female,158.129.145.243
521,Valentine,Dulanty,vdulantyeg@delicious.com,Female,36.158.157.218
522,Carry,Laying,clayingeh@phpbb.com,Female,235.51.233.220
523,Julie,Dmitrienko,jdmitrienkoei@shareasale.com,Male,6.14.143.249
524,Joellen,Klas,jklasej@comsenz.com,Non-binary,63.147.96.30
525,Rebekah,Castanares,rcastanaresek@mtv.com,Female,47.33.67.179
526,Orrin,Kiddell,okiddellel@kickstarter.com,Male,250.155.49.119
527,Agnese,Fulford,afulfordem@twitter.com,Female,230.16.96.224
528,Peggie,Tonsley,ptonsleyen@gov.uk,Female,150.254.242.101
529,Durand,Nys,dnyseo@sphinn.com,Male,175.140.219.164
530,Flossy,Ochterlony,fochterlonyep@soundcloud.com,Female,31.116.157.36
531,Betsy,Cominoli,bcominolieq@vistaprint.com,Female,107.84.169.165
532,Bevin,Pridie,bpridieer@skyrock.com,Male,89.178.77.114
533,Laurella,Linggood,llinggoodes@squarespace.com,Female,13.253.233.190
534,Smitty,Doutch,sdoutchet@wordpress.com,Male,48.27.67.164
535,Hester,Halleday,hhalledayeu@friendfeed.com,Female,200.73.227.71
536,Tam,Struan,tstruanev@macromedia.com,Male,206.35.243.88
537,Desmond,Kubica,dkubicaew@posterous.com,Male,114.175.141.169
538,Devora,Strode,dstrodeex@istockphoto.com,Female,79.120.189.107
539,Evan,Langeley,elangeleyey@biblegateway.com,Male,101.99.47.38
540,Koressa,Ballintime,kballintimeez@nyu.edu,Female,118.252.242.187
541,Jordana,Phonix,jphonixf0@elpais.com,Female,161.8.97.92
542,Aylmar,Volke,avolkef1@tripadvisor.com,Male,158.179.134.201
543,Gasper,Tresise,gtresisef2@dyndns.org,Male,208.4.232.187
544,Diego,Moreland,dmorelandf3@ycombinator.com,Male,93.22.132.124
545,Constantin,Pelchat,cpelchatf4@webmd.com,Male,179.189.179.143
546,Cale,Steventon,csteventonf5@yandex.ru,Genderfluid,10.56.73.230
547,Norman,McDougal,nmcdougalf6@mozilla.org,Male,7.68.143.147
548,Arley,Le Moucheux,alemoucheuxf7@com.com,Male,97.172.147.95
549,Saloma,McAne,smcanef8@deliciousdays.com,Female,9.196.93.139
550,Roman,Shaylor,rshaylorf9@baidu.com,Male,61.160.127.143
551,Angela,Safell,asafellfa@unblog.fr,Female,134.109.214.216
552,Mareah,Killingworth,mkillingworthfb@geocities.jp,Female,191.211.186.103
553,Ty,Canavan,tcanavanfc@tripod.com,Non-binary,131.2.239.220
554,Mervin,Habershaw,mhabershawfd@xing.com,Male,151.88.183.255
555,Georgeanna,Jedryka,gjedrykafe@usgs.gov,Female,249.28.64.186
556,Bambie,Cuerda,bcuerdaff@time.com,Female,28.218.172.3
557,Pail,Tarry,ptarryfg@irs.gov,Male,218.150.149.176
558,Stanly,Looker,slookerfh@sina.com.cn,Male,62.93.147.239
559,Godfry,Weatherhogg,gweatherhoggfi@domainmarket.com,Male,168.222.225.217
560,Theadora,Yoell,tyoellfj@paypal.com,Female,234.49.166.24
561,Derril,Fores,dforesfk@google.fr,Male,117.17.188.218
562,Charil,Kimmel,ckimmelfl@sciencedaily.com,Female,158.180.60.173
563,Kendra,Gapper,kgapperfm@usda.gov,Female,34.134.191.49
564,Claudine,Lyddiatt,clyddiattfn@t.co,Polygender,63.5.122.242
565,Zita,Alyutin,zalyutinfo@de.vu,Female,60.148.83.191
566,Gav,Dettmar,gdettmarfp@engadget.com,Male,119.229.225.7
567,Drucy,Gerald,dgeraldfq@domainmarket.com,Female,20.105.78.93
568,Kaitlyn,Allright,kallrightfr@tinyurl.com,Female,26.41.114.15
569,Barbabas,Gilardone,bgilardonefs@imgur.com,Male,220.160.151.28
570,Lawton,Stratten,lstrattenft@blog.com,Male,208.148.72.90
571,Kurtis,Gadson,kgadsonfu@hexun.com,Male,149.238.188.119
572,Claudell,Samet,csametfv@gravatar.com,Male,201.82.169.240
573,Irina,Camacho,icamachofw@mtv.com,Female,193.204.13.215
574,Brittni,Jonsson,bjonssonfx@sohu.com,Female,19.85.33.95
575,Roseline,Morin,rmorinfy@independent.co.uk,Female,159.17.194.104
576,Valerie,Mertin,vmertinfz@google.cn,Female,60.118.112.19
577,Rudyard,Dally,rdallyg0@kickstarter.com,Male,31.96.66.183
578,Cosme,Szubert,cszubertg1@china.com.cn,Male,222.69.172.115
579,Dirk,Rolfs,drolfsg2@ocn.ne.jp,Male,255.101.110.220
580,Brant,Ritmeier,britmeierg3@webs.com,Male,3.15.14.221
581,Amitie,Artus,aartusg4@marketwatch.com,Female,67.215.131.51
582,Charmion,De Ath,cdeathg5@livejournal.com,Female,46.222.11.196
583,Brinn,Dauney,bdauneyg6@geocities.com,Female,115.151.28.5
584,Heall,Blowing,hblowingg7@craigslist.org,Male,200.111.137.34
585,Kenny,Parris,kparrisg8@scientificamerican.com,Male,70.173.220.171
586,Brynne,Hatter,bhatterg9@goodreads.com,Female,131.96.192.249
587,Lem,Kornalik,lkornalikga@wordpress.org,Male,208.78.3.107
588,Luigi,Ficken,lfickengb@yale.edu,Male,29.20.233.226
589,Neron,Berryann,nberryanngc@parallels.com,Male,195.206.245.66
590,Thedrick,Dripp,tdrippgd@amazon.com,Male,80.66.99.210
591,Stacie,Allison,sallisonge@narod.ru,Bigender,42.77.99.94
592,Addia,Schaumaker,aschaumakergf@taobao.com,Female,223.38.20.61
593,Jeri,Davenport,jdavenportgg@issuu.com,Female,132.98.135.30
594,Corinne,Gellert,cgellertgh@e-recht24.de,Female,220.15.101.236
595,Warde,De la Harpe,wdelaharpegi@berkeley.edu,Male,125.139.203.135
596,Ellis,Gethen,egethengj@discovery.com,Male,62.100.222.147
597,Batholomew,Standbrooke,bstandbrookegk@miibeian.gov.cn,Male,6.158.147.64
598,Malvin,Chomley,mchomleygl@weebly.com,Male,51.227.217.0
599,Mada,Roast,mroastgm@chicagotribune.com,Female,72.191.115.0
600,Kev,Skupinski,kskupinskign@reference.com,Genderfluid,75.179.0.104
601,Gerrie,Soro,gsorogo@nationalgeographic.com,Male,132.179.102.16
602,Pail,Mechem,pmechemgp@zimbio.com,Male,22.199.91.13
603,Murvyn,Knifton,mkniftongq@theatlantic.com,Male,230.123.128.255
604,Cob,Brickner,cbricknergr@npr.org,Male,170.168.137.118
605,Laryssa,Brittles,lbrittlesgs@homestead.com,Female,108.3.32.48
606,Dionisio,Fitzsimmons,dfitzsimmonsgt@diigo.com,Male,230.230.245.142
607,Misti,Rustedge,mrustedgegu@bbc.co.uk,Female,193.107.90.71
608,Linnet,Felgate,lfelgategv@phoca.cz,Female,55.152.36.7
609,Talia,Elloit,telloitgw@unicef.org,Female,149.45.106.46
610,Raye,Rushford,rrushfordgx@dedecms.com,Polygender,126.170.238.162
611,Chickie,Heliot,cheliotgy@yelp.com,Genderqueer,219.175.233.175
612,Michaeline,Doole,mdoolegz@rediff.com,Female,133.214.97.72
613,Mirelle,Hadden,mhaddenh0@deliciousdays.com,Female,251.17.201.213
614,Kellyann,Kilmary,kkilmaryh1@usnews.com,Bigender,11.248.232.138
615,Nil,Ferrers,nferrersh2@photobucket.com,Male,168.214.186.217
616,Magdalene,Hollier,mhollierh3@icq.com,Female,130.138.80.182
617,Fabiano,France,ffranceh4@wikipedia.org,Male,86.167.7.197
618,Adria,Pether,apetherh5@simplemachines.org,Female,108.225.172.127
619,Milicent,Ledner,mlednerh6@e-recht24.de,Bigender,229.141.132.29
620,Correy,Lomasney,clomasneyh7@nba.com,Male,219.131.57.108
621,Therine,Castiello,tcastielloh8@blogtalkradio.com,Female,203.33.44.140
622,Dewie,Rickword,drickwordh9@artisteer.com,Male,199.194.64.254
623,Lindsy,Steckings,lsteckingsha@webnode.com,Female,30.16.165.216
624,Caz,Cannaway,ccannawayhb@t-online.de,Male,16.39.109.171
625,Nerita,Ruprecht,nruprechthc@opensource.org,Female,36.7.226.29
626,Flora,Donalson,fdonalsonhd@youtu.be,Female,122.135.74.67
627,Lewie,Healings,lhealingshe@infoseek.co.jp,Male,101.215.190.171
628,Randie,Danielsky,rdanielskyhf@nps.gov,Female,80.109.214.173
629,Margo,O'Howbane,mohowbanehg@toplist.cz,Female,189.213.213.29
630,Cyndie,Whitcher,cwhitcherhh@creativecommons.org,Female,66.139.52.99
631,Gwynne,Tague,gtaguehi@mozilla.com,Female,23.199.185.168
632,Reynolds,Worden,rwordenhj@godaddy.com,Male,112.161.0.165
633,Cornela,Lympenie,clympeniehk@live.com,Female,49.48.6.107
634,Ricky,Arnout,rarnouthl@blogspot.com,Polygender,116.219.4.85
635,Dael,Crotty,dcrottyhm@tripadvisor.com,Female,33.152.96.123
636,Bradney,Van Leeuwen,bvanleeuwenhn@issuu.com,Male,139.251.246.110
637,Clair,Bard,cbardho@timesonline.co.uk,Male,206.158.179.203
638,Eimile,Batcock,ebatcockhp@typepad.com,Female,195.28.240.39
639,Lionel,Ockwell,lockwellhq@homestead.com,Polygender,253.132.57.30
640,Shawnee,McGunley,smcgunleyhr@1688.com,Female,154.218.205.143
641,Nadeen,Westley,nwestleyhs@home.pl,Female,216.223.62.240
642,Janos,McPhelimy,jmcphelimyht@seesaa.net,Polygender,118.199.85.100
643,Cristionna,Shead,csheadhu@devhub.com,Female,75.46.212.110
644,Rodney,Lashley,rlashleyhv@walmart.com,Male,1.181.4.35
645,Emmalynn,Tissington,etissingtonhw@un.org,Female,62.23.171.93
646,Eyde,Hatt,ehatthx@shutterfly.com,Female,166.171.17.32
647,Frances,Lahive,flahivehy@163.com,Female,228.110.231.97
648,Carter,MacGeffen,cmacgeffenhz@goodreads.com,Polygender,123.197.197.156
649,Saundra,Iannelli,siannellii0@wikipedia.org,Male,162.131.134.89
650,Vernor,Wigfield,vwigfieldi1@bravesites.com,Bigender,246.222.7.255
651,Herby,Gaye,hgayei2@wikia.com,Male,145.94.194.218
652,Marne,Enright,menrighti3@paypal.com,Female,217.119.171.77
653,Celestyn,Gillbee,cgillbeei4@tinypic.com,Female,78.37.243.211
654,Dallis,Eden,dedeni5@youku.com,Male,95.239.158.69
655,Mikael,Matuszkiewicz,mmatuszkiewiczi6@51.la,Male,127.251.88.171
656,Isobel,Skrine,iskrinei7@bravesites.com,Female,12.187.37.191
657,Emmanuel,Killiner,ekillineri8@webeden.co.uk,Male,206.114.201.224
658,Aarika,Tourot,atouroti9@purevolume.com,Female,227.71.116.184
659,Philis,Rudd,pruddia@phoca.cz,Female,95.207.74.80
660,Salli,Fairest,sfairestib@home.pl,Female,90.93.253.85
661,Doe,Springle,dspringleic@purevolume.com,Female,0.14.67.38
662,Ileane,Rodson,irodsonid@facebook.com,Female,252.66.164.27
663,Silvana,Lamar,slamarie@ycombinator.com,Female,195.254.188.145
664,Bettye,Deakin,bdeakinif@parallels.com,Female,217.151.50.215
665,Sadye,Crowcombe,scrowcombeig@reverbnation.com,Female,201.71.12.213
666,Stephana,Marnane,smarnaneih@over-blog.com,Female,104.203.152.83
667,Suzy,Adrienne,sadrienneii@loc.gov,Female,245.4.192.23
668,Payton,Echalier,pechalierij@admin.ch,Male,185.41.114.155
669,Margi,Giacovazzo,mgiacovazzoik@intel.com,Female,50.27.65.131
670,Svend,Sissens,ssissensil@imgur.com,Male,201.244.124.11
671,Rossie,Rolph,rrolphim@bloomberg.com,Male,238.236.232.84
672,Aldric,Dudden,aduddenin@posterous.com,Male,120.42.193.90
673,Lenore,Echalie,lechalieio@ovh.net,Bigender,69.27.38.41
674,Ted,Tuohy,ttuohyip@sogou.com,Female,15.127.176.16
675,Antonius,Kermath,akermathiq@myspace.com,Genderfluid,31.172.204.106
676,Jaimie,Ludye,jludyeir@springer.com,Female,60.29.14.98
677,Abbie,Wasielewski,awasielewskiis@nydailynews.com,Female,214.202.16.45
678,Hastings,Bodega,hbodegait@altervista.org,Male,105.135.247.151
679,Darryl,Bravery,dbraveryiu@yellowbook.com,Female,140.48.185.248
680,Elfie,Fairbrother,efairbrotheriv@mozilla.org,Female,22.106.106.233
681,Vassily,Bengochea,vbengocheaiw@newsvine.com,Male,207.107.107.12
682,Sadie,Francey,sfranceyix@indiegogo.com,Female,132.221.70.23
683,Carry,Gurg,cgurgiy@dagondesign.com,Female,208.12.145.211
684,Charleen,Venes,cvenesiz@guardian.co.uk,Polygender,144.97.82.172
685,Vinnie,De Rye Barrett,vderyebarrettj0@sohu.com,Male,48.91.168.145
686,Nelia,Meatcher,nmeatcherj1@bloglines.com,Female,53.203.116.32
687,Mimi,Georgeou,mgeorgeouj2@intel.com,Female,165.34.204.239
688,Garret,Gurry,ggurryj3@amazonaws.com,Male,182.202.58.160
689,Melonie,Dubose,mdubosej4@sciencedaily.com,Female,146.177.130.76
690,Blair,Errington,berringtonj5@biglobe.ne.jp,Male,102.163.78.56
691,Neron,Binne,nbinnej6@miibeian.gov.cn,Male,117.209.171.120
692,Thoma,Chesshyre,tchesshyrej7@google.fr,Male,243.43.195.253
693,Kristyn,Atterbury,katterburyj8@google.ca,Female,162.161.154.171
694,Gisella,Baynard,gbaynardj9@desdev.cn,Female,106.190.22.59
695,Jard,Burdas,jburdasja@amazon.com,Male,118.47.129.105
696,Lorry,Lowther,llowtherjb@webs.com,Male,213.87.210.11
697,Alix,Applebee,aapplebeejc@loc.gov,Polygender,230.156.118.152
698,Kip,Seppey,kseppeyjd@omniture.com,Female,248.59.19.227
699,Eirena,Birtles,ebirtlesje@digg.com,Female,123.85.39.186
700,Gerry,Hubber,ghubberjf@cbslocal.com,Female,145.180.182.85
701,Dominic,Arnholz,darnholzjg@google.com.br,Male,59.139.96.17
702,Bern,Connaughton,bconnaughtonjh@sphinn.com,Male,9.217.46.170
703,Dannel,Ovell,dovellji@cnn.com,Male,249.2.210.174
704,Hunter,Fereday,hferedayjj@shareasale.com,Male,14.69.228.229
705,Wendy,Chattey,wchatteyjk@biglobe.ne.jp,Female,7.241.96.242
706,Thedric,O'dell,todelljl@geocities.com,Male,98.80.122.48
707,Rafaela,Shiers,rshiersjm@weather.com,Female,35.21.63.212
708,Rick,Bessett,rbessettjn@time.com,Genderfluid,255.197.90.34
709,Irv,Hully,ihullyjo@sogou.com,Male,188.176.232.59
710,Che,Bogace,cbogacejp@webnode.com,Male,166.35.81.107
711,Maude,Chiverton,mchivertonjq@wikipedia.org,Female,243.204.254.245
712,Troy,Penhalurick,tpenhalurickjr@umich.edu,Male,41.218.172.31
713,Merla,Grimsey,mgrimseyjs@addthis.com,Female,19.161.195.117
714,Rachael,Gawkes,rgawkesjt@networksolutions.com,Female,243.150.157.42
715,Scottie,Yokelman,syokelmanju@addtoany.com,Male,187.117.251.179
716,Gavin,Ysson,gyssonjv@comcast.net,Male,11.11.91.123
717,Thorstein,Krysztofowicz,tkrysztofowiczjw@sina.com.cn,Male,156.128.83.22
718,Rubie,Huggon,rhuggonjx@washingtonpost.com,Bigender,185.202.168.3
719,Tersina,Cutteridge,tcutteridgejy@nydailynews.com,Female,11.143.26.214
720,Thibaut,Habershaw,thabershawjz@google.co.uk,Male,20.10.207.191
721,Mariann,Blizard,mblizardk0@nydailynews.com,Female,153.34.49.134
722,Welbie,Gerin,wgerink1@wisc.edu,Genderfluid,175.74.125.55
723,Abe,Escreet,aescreetk2@pen.io,Male,28.227.34.90
724,Basia,Deer,bdeerk3@howstuffworks.com,Genderqueer,1.23.190.117
725,Keeley,Biskup,kbiskupk4@cisco.com,Female,32.176.214.159
726,Bowie,Caulder,bcaulderk5@1688.com,Male,16.199.22.45
727,Marillin,Gartin,mgartink6@mail.ru,Female,174.34.80.206
728,Ursula,Fairn,ufairnk7@biblegateway.com,Female,248.238.97.185
729,Arnuad,Dyhouse,adyhousek8@sciencedirect.com,Male,58.77.30.132
730,Garey,Freyne,gfreynek9@washington.edu,Male,107.61.120.228
731,Hillary,Baskett,hbaskettka@businesswire.com,Genderqueer,115.102.72.149
732,Una,Judkin,ujudkinkb@mayoclinic.com,Female,162.66.209.233
733,Derwin,Jeff,djeffkc@yellowbook.com,Male,207.51.95.139
734,Davina,Hebden,dhebdenkd@webmd.com,Female,70.59.157.169
735,Jessika,Records,jrecordske@telegraph.co.uk,Female,71.216.86.212
736,Joshuah,Batterham,jbatterhamkf@alibaba.com,Male,101.67.32.196
737,Cloris,Gasnell,cgasnellkg@phoca.cz,Female,172.245.39.65
738,Jenine,Bellany,jbellanykh@fema.gov,Female,121.28.202.135
739,Albertine,Brimilcombe,abrimilcombeki@techcrunch.com,Female,182.206.82.94
740,Milena,Tiebe,mtiebekj@goo.ne.jp,Female,164.104.140.15
741,Kurt,Sawdon,ksawdonkk@ebay.com,Male,23.62.85.184
742,Land,Bernardez,lbernardezkl@bigcartel.com,Male,122.200.139.45
743,Kelcie,Mosedall,kmosedallkm@dot.gov,Female,125.229.86.21
744,Nicoli,Mowles,nmowleskn@globo.com,Female,153.52.253.203
745,Sonnnie,Polo,spoloko@woothemes.com,Female,62.225.17.191
746,Aili,Palke,apalkekp@noaa.gov,Female,193.211.61.159
747,Wyn,Spondley,wspondleykq@guardian.co.uk,Male,169.150.12.182
748,Sileas,Brasier,sbrasierkr@arizona.edu,Female,106.63.97.100
749,Ilka,Troy,itroyks@marriott.com,Female,105.130.11.89
750,Noemi,Josefer,njoseferkt@discovery.com,Genderqueer,54.114.19.2
751,Lotte,Enrietto,lenriettoku@chronoengine.com,Female,207.63.243.245
752,Gay,Hopfer,ghopferkv@dailymotion.com,Female,35.146.150.42
753,Modestine,Fancott,mfancottkw@shinystat.com,Female,186.147.242.99
754,Chadd,Agett,cagettkx@cornell.edu,Male,86.72.181.223
755,Walther,Camilleri,wcamilleriky@unc.edu,Male,255.135.23.178
756,Alfie,Willgrass,awillgrasskz@cnn.com,Female,38.195.146.218
757,Melony,Marryatt,mmarryattl0@xrea.com,Female,217.132.6.51
758,Dermot,Thorowgood,dthorowgoodl1@icio.us,Male,242.176.65.164
759,Moshe,Harrald,mharraldl2@aol.com,Male,154.197.123.50
760,Ardath,Copp,acoppl3@sciencedaily.com,Female,155.161.178.117
761,Margarete,Rennolds,mrennoldsl4@uiuc.edu,Female,206.225.100.114
762,Theo,Wegenen,twegenenl5@smh.com.au,Female,78.143.149.116
763,Avie,Comusso,acomussol6@seesaa.net,Female,92.201.55.191
764,Emiline,Arrault,earraultl7@zimbio.com,Female,241.165.10.137
765,Tessi,Odde,toddel8@cbc.ca,Female,49.179.146.241
766,Annecorinne,Charter,acharterl9@blogs.com,Female,206.246.153.214
767,Sandor,Arbor,sarborla@addtoany.com,Male,10.160.229.74
768,Timmy,Andover,tandoverlb@nps.gov,Female,114.123.124.108
769,Aldis,Reaper,areaperlc@bloglovin.com,Male,82.17.187.193
770,Orville,Luttgert,oluttgertld@earthlink.net,Male,144.96.50.32
771,Joella,Goalley,jgoalleyle@soup.io,Female,61.127.166.60
772,Sarge,Fevers,sfeverslf@hud.gov,Male,8.248.179.28
773,Lucille,Whitear,lwhitearlg@addtoany.com,Female,90.142.50.228
774,Catherine,Fiddyment,cfiddymentlh@salon.com,Female,128.192.73.92
775,Gilbertine,Petigrew,gpetigrewli@gizmodo.com,Female,46.99.225.187
776,Ephrem,Dannel,edannellj@elpais.com,Male,27.129.237.108
777,Cullin,Legonidec,clegonideclk@europa.eu,Male,82.76.141.186
778,Isiahi,Giraths,igirathsll@a8.net,Male,179.94.162.113
779,Keane,Jerdan,kjerdanlm@cnn.com,Male,146.140.7.106
780,Graeme,Greensted,ggreenstedln@usda.gov,Male,189.53.171.102
781,Sheelagh,Hannent,shannentlo@addthis.com,Female,170.133.123.151
782,Stern,Dominici,sdominicilp@tinypic.com,Male,224.227.196.135
783,Beck,Gauntlett,bgauntlettlq@nymag.com,Male,71.31.230.53
784,Bent,Becerro,bbecerrolr@ucoz.com,Male,33.28.140.235
785,Shanon,Kealy,skealyls@vkontakte.ru,Female,198.131.192.208
786,Jessamyn,Hove,jhovelt@bloglines.com,Female,181.61.185.55
787,Lorrayne,Ashleigh,lashleighlu@list-manage.com,Female,219.243.173.234
788,Tallie,Penkethman,tpenkethmanlv@weather.com,Female,201.83.106.157
789,Keane,Immings,kimmingslw@samsung.com,Non-binary,111.22.86.224
790,Benedetto,Wandrey,bwandreylx@imdb.com,Male,79.65.102.70
791,Zeke,Corby,zcorbyly@oracle.com,Male,140.67.60.42
792,Kev,Coomber,kcoomberlz@youtu.be,Male,227.76.53.142
793,Kinna,Trunby,ktrunbym0@soup.io,Female,27.159.255.39
794,Goldy,Abadam,gabadamm1@cdc.gov,Female,110.237.65.51
795,Benedick,Tipler,btiplerm2@dailymail.co.uk,Male,93.57.185.148
796,Claiborne,Blaxland,cblaxlandm3@xrea.com,Male,69.228.141.196
797,Iosep,Glascott,iglascottm4@ucla.edu,Male,163.29.84.161
798,Dugald,Meriel,dmerielm5@gnu.org,Male,226.166.128.164
799,Brigida,Jedraszczyk,bjedraszczykm6@ycombinator.com,Female,16.235.38.53
800,Theodor,Archard,tarchardm7@liveinternet.ru,Male,184.212.39.254
801,Skylar,Savine,ssavinem8@ft.com,Male,93.106.0.69
802,Ibrahim,Verey,ivereym9@topsy.com,Male,33.13.148.18
803,Edy,Deinhard,edeinhardma@wiley.com,Female,69.173.211.10
804,Claire,Spering,csperingmb@flickr.com,Male,58.244.151.37
805,Sal,Dacey,sdaceymc@constantcontact.com,Female,50.230.168.27
806,Allyce,Risbridge,arisbridgemd@example.com,Female,100.134.128.57
807,Jo ann,Hawarden,jhawardenme@tripadvisor.com,Female,204.204.173.76
808,Myrwyn,Scutcheon,mscutcheonmf@bizjournals.com,Genderfluid,85.92.1.154
809,Gerianne,Luetkemeyers,gluetkemeyersmg@4shared.com,Female,226.154.118.5
810,Cybill,Landes,clandesmh@cbc.ca,Female,209.171.11.115
811,Kingston,Davenhall,kdavenhallmi@shop-pro.jp,Bigender,107.19.163.61
812,Hewitt,Nesfield,hnesfieldmj@spotify.com,Male,22.127.228.39
813,Laurette,Gate,lgatemk@fotki.com,Female,172.171.221.31
814,Genna,Earney,gearneyml@topsy.com,Female,68.49.116.173
815,Valenka,Easen,veasenmm@microsoft.com,Bigender,66.42.12.88
816,Tobias,Gosneye,tgosneyemn@tiny.cc,Male,112.134.179.136
817,Zacharias,Dore,zdoremo@psu.edu,Bigender,207.83.195.65
818,Trish,Bellino,tbellinomp@w3.org,Female,154.73.202.163
819,Carmon,Daviot,cdaviotmq@alibaba.com,Female,115.34.140.65
820,Katherina,Benaine,kbenainemr@skyrock.com,Female,127.60.117.179
821,Marlane,Loveless,mlovelessms@meetup.com,Female,159.32.142.63
822,Minni,Maccari,mmaccarimt@uiuc.edu,Female,1.165.109.72
823,Mair,Thunderchief,mthunderchiefmu@goodreads.com,Female,172.93.169.99
824,Codie,Caldaro,ccaldaromv@skype.com,Male,102.142.69.164
825,Lindon,Jirek,ljirekmw@imdb.com,Male,52.77.236.55
826,Carlos,Coggin,ccogginmx@myspace.com,Male,74.42.14.15
827,Ignatius,Sobczak,isobczakmy@blog.com,Male,214.150.132.170
828,Sanders,Cicchetto,scicchettomz@shutterfly.com,Bigender,16.248.138.201
829,Pablo,Tripon,ptriponn0@studiopress.com,Male,69.204.109.143
830,Cecilio,Piburn,cpiburnn1@themeforest.net,Male,143.224.156.177
831,Nanine,Othick,nothickn2@noaa.gov,Female,149.34.160.77
832,Lucita,Cabbell,lcabbelln3@toplist.cz,Female,207.200.119.199
833,Waldemar,Hartzogs,whartzogsn4@jugem.jp,Male,196.198.206.150
834,Perla,Gerge,pgergen5@rakuten.co.jp,Female,90.220.237.149
835,Roger,Sarre,rsarren6@usa.gov,Male,150.172.82.15
836,Sherwynd,Dalzell,sdalzelln7@earthlink.net,Male,161.188.63.19
837,Abby,Linde,alinden8@yahoo.co.jp,Male,51.35.171.72
838,Keane,Roach,kroachn9@accuweather.com,Male,147.33.235.23
839,Duff,Stranaghan,dstranaghanna@patch.com,Genderqueer,13.31.27.29
840,West,Ruger,wrugernb@phpbb.com,Male,105.0.118.57
841,Caesar,Dehn,cdehnnc@hatena.ne.jp,Male,103.18.247.66
842,Rhody,Gianinotti,rgianinottind@samsung.com,Female,55.204.218.104
843,Estelle,Wilby,ewilbyne@indiatimes.com,Bigender,120.67.30.184
844,Rodolph,Maffezzoli,rmaffezzolinf@un.org,Male,208.135.79.135
845,Ginny,Dewi,gdewing@dell.com,Female,26.159.73.115
846,Cly,Birmingham,cbirminghamnh@disqus.com,Male,37.78.232.157
847,Arne,Kipling,akiplingni@jalbum.net,Male,14.198.149.9
848,Elvin,Wareham,ewarehamnj@rakuten.co.jp,Male,185.15.20.64
849,Kaitlynn,Banting,kbantingnk@biglobe.ne.jp,Female,192.208.219.81
850,Reggie,Whelan,rwhelannl@symantec.com,Male,215.101.1.223
851,Sigrid,Bimson,sbimsonnm@umn.edu,Agender,48.171.25.88
852,Waylen,McCloid,wmccloidnn@nasa.gov,Male,223.34.140.20
853,Bryna,Igounet,bigounetno@bizjournals.com,Female,200.201.242.80
854,Rena,Fullstone,rfullstonenp@bbb.org,Female,65.216.241.147
855,Woodrow,Halliday,whallidaynq@msn.com,Male,244.142.168.171
856,Sylvan,Critcher,scritchernr@intel.com,Male,223.17.162.32
857,Douglass,Wyd,dwydns@marriott.com,Male,66.151.87.0
858,Georgy,Eastham,geasthamnt@simplemachines.org,Male,152.65.93.203
859,Amalea,Bateson,abatesonnu@yandex.ru,Female,250.252.134.29
860,Cesaro,Klimus,cklimusnv@liveinternet.ru,Male,133.103.149.79
861,Ines,Gouthier,igouthiernw@sina.com.cn,Female,185.219.55.49
862,Neille,Palmer,npalmernx@ycombinator.com,Female,116.166.24.184
863,Myrta,Eburah,meburahny@google.com.br,Female,125.169.58.96
864,Libbi,Blevin,lblevinnz@sciencedirect.com,Female,222.116.156.169
865,Averil,Tarborn,atarborno0@oaic.gov.au,Female,149.187.174.198
866,Vittoria,Gatheridge,vgatheridgeo1@gmpg.org,Female,162.189.58.227
867,Ursola,Manville,umanvilleo2@123-reg.co.uk,Female,6.120.252.191
868,Jeffrey,Haylock,jhaylocko3@goodreads.com,Male,228.237.22.115
869,Gardener,Cases,gcaseso4@imageshack.us,Male,95.181.221.250
870,Cheri,Nicholes,cnicholeso5@netscape.com,Female,190.216.67.130
871,Alejoa,Barefoot,abarefooto6@ocn.ne.jp,Male,142.16.13.89
872,Jessi,Gascoyne,jgascoyneo7@prlog.org,Female,64.176.201.166
873,Bondie,Barstow,bbarstowo8@about.me,Male,126.130.58.201
874,Jakob,Dresse,jdresseo9@bloglines.com,Male,168.156.67.69
875,Gerald,Guard,gguardoa@bluehost.com,Male,132.99.46.198
876,Gussie,De Gregorio,gdegregorioob@123-reg.co.uk,Female,137.237.197.154
877,Wallace,O'Heffernan,woheffernanoc@hao123.com,Male,20.253.186.85
878,Doll,Nashe,dnasheod@live.com,Female,115.39.150.245
879,Wynny,Varley,wvarleyoe@constantcontact.com,Female,170.205.132.90
880,Laryssa,Folkes,lfolkesof@friendfeed.com,Female,1.192.173.98
881,Zared,Creyke,zcreykeog@squarespace.com,Male,100.64.126.197
882,Alejandro,Tommis,atommisoh@fc2.com,Genderqueer,113.185.133.199
883,Opal,Stable,ostableoi@google.es,Female,206.107.250.32
884,Francene,Overill,foverilloj@themeforest.net,Female,41.58.243.199
885,Valencia,Broome,vbroomeok@narod.ru,Female,111.79.108.186
886,Levin,Worsnup,lworsnupol@cdc.gov,Male,20.18.160.251
887,Evania,Millier,emillierom@csmonitor.com,Female,149.220.221.135
888,Kelci,Abramzon,kabramzonon@foxnews.com,Female,42.137.47.43
889,Crichton,McClory,cmccloryoo@wordpress.org,Male,39.5.73.77
890,Vachel,Milbourn,vmilbournop@webnode.com,Male,237.238.137.149
891,Katrina,Brigman,kbrigmanoq@altervista.org,Female,5.178.35.186
892,Jaymie,Mourton,jmourtonor@topsy.com,Non-binary,147.191.116.111
893,Grange,Roon,groonos@va.gov,Genderfluid,86.178.178.140
894,Karrah,Yuryshev,kyuryshevot@utexas.edu,Female,213.236.128.174
895,Leicester,Crasford,lcrasfordou@dailymotion.com,Male,233.250.181.142
896,Emlynne,Ibbitt,eibbittov@acquirethisname.com,Genderqueer,88.94.211.44
897,Taylor,Mount,tmountow@tamu.edu,Male,42.248.18.2
898,Alvin,Stears,astearsox@hao123.com,Male,147.252.174.48
899,Orel,Huet,ohuetoy@histats.com,Female,145.211.193.84
900,Vinnie,Curness,vcurnessoz@jimdo.com,Male,217.199.114.69
901,Angy,Devin,adevinp0@businesswire.com,Female,152.58.164.229
902,Carlos,Tofanelli,ctofanellip1@ibm.com,Male,96.2.143.217
903,Lefty,Kleinplac,lkleinplacp2@newyorker.com,Male,196.82.202.173
904,Amargo,Picheford,apichefordp3@webs.com,Female,186.36.23.173
905,Rosy,MacCroary,rmaccroaryp4@scientificamerican.com,Female,72.65.237.5
906,Hernando,Cotta,hcottap5@e-recht24.de,Male,253.255.115.183
907,Iseabal,Britnell,ibritnellp6@plala.or.jp,Genderqueer,220.32.194.62
908,Hodge,Bootherstone,hbootherstonep7@ehow.com,Male,84.235.87.181
909,Aubrie,Newhouse,anewhousep8@hao123.com,Female,94.77.101.135
910,Enos,Nutting,enuttingp9@biblegateway.com,Bigender,181.238.119.138
911,Lucian,Boyett,lboyettpa@creativecommons.org,Male,215.164.23.85
912,Baldwin,Faulkener,bfaulkenerpb@mayoclinic.com,Polygender,211.125.138.86
913,Angele,Annets,aannetspc@photobucket.com,Agender,26.51.202.133
914,Gamaliel,Woodhall,gwoodhallpd@mediafire.com,Male,135.234.248.248
915,Vivian,Speare,vspearepe@shop-pro.jp,Female,112.61.115.101
916,Ludwig,Puddefoot,lpuddefootpf@elegantthemes.com,Male,192.77.58.159
917,Jobie,Kenyon,jkenyonpg@auda.org.au,Female,239.23.93.76
918,Sigismond,Creane,screaneph@meetup.com,Male,7.241.205.43
919,Susy,Sandbach,ssandbachpi@is.gd,Female,236.224.110.197
920,Stefano,Sidgwick,ssidgwickpj@edublogs.org,Male,139.124.28.201
921,Gabbey,Anders,ganderspk@eepurl.com,Female,89.169.56.45
922,Chelsae,Loble,cloblepl@newyorker.com,Female,53.140.129.189
923,Dode,Axtell,daxtellpm@sfgate.com,Female,20.136.203.27
924,Wayne,Pepi,wpepipn@cmu.edu,Male,199.42.171.85
925,Ivett,Wandless,iwandlesspo@biblegateway.com,Female,190.174.2.4
926,Kliment,Robinette,krobinettepp@webmd.com,Male,114.9.229.106
927,Mauricio,Forre,mforrepq@flavors.me,Non-binary,23.153.207.161
928,Massimiliano,Pasque,mpasquepr@canalblog.com,Male,201.21.200.17
929,Aldus,Pollock,apollockps@miibeian.gov.cn,Male,75.122.192.12
930,Genevra,Feltoe,gfeltoept@icio.us,Female,10.230.184.202
931,Lyda,Gowlett,lgowlettpu@dagondesign.com,Polygender,5.192.232.246
932,Dana,Chaman,dchamanpv@so-net.ne.jp,Male,100.75.5.211
933,Dinah,Dewhirst,ddewhirstpw@mail.ru,Female,95.209.139.193
934,Elvyn,Dopson,edopsonpx@fotki.com,Male,168.106.179.193
935,Janot,Mattack,jmattackpy@uol.com.br,Female,137.144.204.65
936,Bette,Lobb,blobbpz@cpanel.net,Non-binary,104.151.197.124
937,Nichols,Allworthy,nallworthyq0@feedburner.com,Male,231.150.118.16
938,Didi,Yare,dyareq1@dailymotion.com,Female,179.59.210.220
939,Corrie,Tarrant,ctarrantq2@washingtonpost.com,Male,109.251.140.198
940,Alane,Granleese,agranleeseq3@mapquest.com,Female,53.240.167.114
941,Theadora,Bifield,tbifieldq4@ehow.com,Female,48.116.185.85
942,Felecia,Petrecz,fpetreczq5@edublogs.org,Female,141.141.165.113
943,Danna,Niesing,dniesingq6@mediafire.com,Bigender,22.79.88.173
944,Clarisse,O'Scanlan,coscanlanq7@meetup.com,Female,87.47.75.33
945,Graham,Patching,gpatchingq8@hhs.gov,Male,42.157.43.191
946,Scottie,O'Doohaine,sodoohaineq9@netscape.com,Male,239.19.212.159
947,Karlyn,Aggott,kaggottqa@naver.com,Female,146.182.199.153
948,Barty,Gantlett,bgantlettqb@washingtonpost.com,Male,76.63.69.224
949,Vivienne,Beebe,vbeebeqc@wikipedia.org,Female,52.89.71.166
950,Mindy,Cleaton,mcleatonqd@mac.com,Female,69.51.169.36
951,Ronalda,Mulder,rmulderqe@ocn.ne.jp,Female,169.154.22.173
952,Christopher,Blesdill,cblesdillqf@guardian.co.uk,Male,0.193.36.224
953,Carma,Spackman,cspackmanqg@china.com.cn,Female,102.52.73.235
954,Gretna,Cestard,gcestardqh@accuweather.com,Female,90.175.45.130
955,Val,Pennick,vpennickqi@prnewswire.com,Agender,242.48.11.185
956,Luciana,Blanpein,lblanpeinqj@liveinternet.ru,Female,196.3.168.244
957,Joachim,Lathleiff,jlathleiffqk@nifty.com,Male,150.95.193.194
958,Myrtle,Ney,mneyql@1und1.de,Female,220.54.185.130
959,Rustin,Fountain,rfountainqm@networksolutions.com,Male,78.166.99.22
960,Inigo,Tutin,itutinqn@huffingtonpost.com,Male,94.125.82.62
961,Bailie,Laidlow,blaidlowqo@wikimedia.org,Male,113.185.19.251
962,Rochette,Dales,rdalesqp@pagesperso-orange.fr,Female,118.191.94.57
963,Lynn,Leile,lleileqq@skyrock.com,Male,50.6.111.2
964,Hagan,Goodley,hgoodleyqr@bigcartel.com,Male,152.208.210.96
965,Theodoric,Cotterell,tcotterellqs@1und1.de,Male,200.145.252.114
966,Wald,Caras,wcarasqt@com.com,Male,157.230.125.23
967,Drusi,Weatherhead,dweatherheadqu@multiply.com,Female,27.162.24.207
968,Chrisse,Desvignes,cdesvignesqv@ebay.com,Male,104.12.60.75
969,Haslett,Joy,hjoyqw@hp.com,Male,1.245.56.100
970,Bourke,Sewley,bsewleyqx@webeden.co.uk,Male,238.181.169.252
971,Saul,Bawden,sbawdenqy@123-reg.co.uk,Male,11.103.2.203
972,Reece,Kimm,rkimmqz@scribd.com,Male,252.239.81.94
973,Taddeo,Taleworth,ttaleworthr0@amazon.com,Male,90.16.113.72
974,Dal,Grinstead,dgrinsteadr1@com.com,Male,250.247.247.28
975,Kaela,Newson,knewsonr2@scribd.com,Female,44.236.110.37
976,Paxon,Mangin,pmanginr3@oracle.com,Male,195.128.108.45
977,Kesley,Heartfield,kheartfieldr4@yahoo.com,Female,251.140.195.108
978,Michelina,Bending,mbendingr5@typepad.com,Female,179.243.100.93
979,Phyllis,Woodcock,pwoodcockr6@state.tx.us,Female,234.6.241.245
980,Gizela,Roelofsen,groelofsenr7@technorati.com,Female,242.143.70.5
981,Gisela,Whitford,gwhitfordr8@behance.net,Bigender,236.43.3.27
982,Ab,Amer,aamerr9@networkadvertising.org,Male,55.129.233.49
983,Marline,Ogglebie,mogglebiera@nifty.com,Female,147.35.143.38
984,Dorie,Renahan,drenahanrb@toplist.cz,Female,69.143.31.21
985,Arvin,Bradshaw,abradshawrc@vimeo.com,Male,142.149.218.27
986,Sibyl,Mahaffey,smahaffeyrd@webeden.co.uk,Male,184.68.11.102
987,Thibaud,Hagger,thaggerre@zdnet.com,Male,96.166.90.140
988,Noah,Gaukrodge,ngaukrodgerf@si.edu,Male,63.89.118.197
989,Denys,Alvarez,dalvarezrg@xrea.com,Male,133.190.8.71
990,Dulce,Peterkin,dpeterkinrh@sun.com,Female,19.184.10.186
991,Borden,Hayhoe,bhayhoeri@opera.com,Male,83.7.119.123
992,Jonell,Sly,jslyrj@joomla.org,Female,4.152.54.251
993,Cobby,Toffaloni,ctoffalonirk@vk.com,Male,155.185.71.124
994,Temple,Kneal,tknealrl@paginegialle.it,Male,99.151.111.162
995,Clerc,Dearden,cdeardenrm@seattletimes.com,Male,119.5.14.103
996,Mac,Baynton,mbayntonrn@wufoo.com,Male,197.100.173.30
997,Buddy,Tomich,btomichro@wikia.com,Male,69.225.54.57
998,Skylar,Ommanney,sommanneyrp@com.com,Male,253.82.186.62
999,Derry,Lippitt,dlippittrq@miibeian.gov.cn,Male,39.134.13.129
1000,Malvin,Cockett,mcockettrr@google.ru,Male,203.72.56.169
